{
  "lock": false,
  "tasks": {
    "check": "deno fmt --check && deno lint && deno check **/*.ts && deno check **/*.tsx",
    "cli": "echo \"import '\\$fresh/src/dev/cli.ts'\" | deno run --unstable -A -",
    "manifest": "deno task cli manifest $(pwd)",
    "start": "deno run -A --watch=static/,routes/ dev.ts",
    "build": "deno run -A dev.ts build",
    "preview": "deno run -A main.ts",
    "update": "deno run -A -r https://fresh.deno.dev/update ."
  },
  "lint": {
    "rules": {
      "tags": [
        "fresh",
        "recommended"
      ]
    }
  },
  "exclude": [
    "**/_fresh/*",
    "**/node_modules/*"
  ],
  "imports": {
    "$fresh/": "https://deno.land/x/fresh@1.6.8/",
    "$std/": "https://deno.land/std@0.216.0/",
    "@iconify-icon/react": "https://esm.sh/@iconify-icon/react@2.1.0?alias=react:preact/compat,react-dom:preact/compat,@types/react:preact/compat&external=preact",
    "@preact/signals": "https://esm.sh/*@preact/signals@1.2.2",
    "@preact/signals-core": "https://esm.sh/*@preact/signals-core@1.5.1",
    "@types/three": "npm:@types/three@^0.163.0",
    "axios": "npm:axios@^1.6.8",
    "daisyui": "npm:daisyui@^4.10.2",
    "preact": "https://esm.sh/preact@10.19.6",
    "preact/": "https://esm.sh/preact@10.19.6/",
    "tailwindcss": "npm:tailwindcss@3.4.1",
    "tailwindcss/": "npm:/tailwindcss@3.4.1/",
    "tailwindcss/plugin": "npm:/tailwindcss@3.4.1/plugin.js",
    "three": "npm:three@^0.163.0"
  },
  "compilerOptions": {
    "jsx": "react-jsx",
    "jsxImportSource": "preact"
  },
  "nodeModulesDir": true
}
